status,val_loss,learning_rate,dropout,emb_dim,hidden_dim,rnn_type
Success,6.030420303344727,0.0005,0.2,128,512,RNN
Success,6.397193431854248,0.003,0.2,128,256,RNN
Success,6.165058135986328,0.0005,0.4,128,512,RNN
Success,5.963927745819092,0.0005,0.2,128,512,GRU
Success,6.466806411743164,0.003,0.2,128,256,GRU
Success,6.321074485778809,0.0005,0.4,128,512,GRU
Success,6.28992223739624,0.0005,0.2,128,512,LSTM
Success,6.359723091125488,0.003,0.2,128,256,LSTM
Success,6.2890729904174805,0.0005,0.4,128,512,LSTM
